match_id,round,date,venue,away_team,home_team,result,elo_home_prob,glmnet_home_prob,xgboost_home_prob,blended_home_prob,predicted_winner,confidence
1,1,05/09/2025 00:20,Lincoln Financial Field,Dallas Cowboys,Philadelphia Eagles,H,0.5569260917649007,0.8051383346509373,0.8318178057670593,0.7400124796560013,Philadelphia Eagles,0.4800249593120025
2,1,06/09/2025 00:00,Arena Corinthians,Kansas City Chiefs,Los Angeles Chargers,H,0.5557012708392125,0.8024809274691479,0.5618110299110413,0.6442125663348299,Los Angeles Chargers,0.28842513266965986
3,1,07/09/2025 17:00,Mercedes-Benz Stadium,Tampa Bay Buccaneers,Atlanta Falcons,A,0.44509920095046085,0.33841155924373906,0.31629669666290283,0.36267764687223064,Tampa Bay Buccaneers,0.2746447062555387
4,1,07/09/2025 17:00,Huntington Bank Field,Cincinnati Bengals,Cleveland Browns,A,0.4737426694782055,0.4470382700487388,0.5662726163864136,0.49678160811553274,Cincinnati Bengals,0.006436783768934529
5,1,07/09/2025 17:00,Lucas Oil Stadium,Miami Dolphins,Indianapolis Colts,H,0.582327097057956,0.8603548023905359,0.8318178057670593,0.7669585449527774,Indianapolis Colts,0.5339170899055548
6,1,07/09/2025 17:00,EverBank Stadium,Carolina Panthers,Jacksonville Jaguars,H,0.5262877297886787,0.6825097990847452,0.353039413690567,0.520328544898079,Jacksonville Jaguars,0.04065708979615801
7,1,07/09/2025 17:00,Gillette Stadium,Las Vegas Raiders,New England Patriots,A,0.49997652436167783,0.5460131121143953,0.3178246021270752,0.45233615282266965,Las Vegas Raiders,0.09532769435466071
8,1,07/09/2025 17:00,Caesars Superdome,Arizona Cardinals,New Orleans Saints,A,0.4593841904451866,0.3518500744017872,0.6020223498344421,0.4716705966755395,Arizona Cardinals,0.05665880664892098
9,1,07/09/2025 17:00,MetLife Stadium,Pittsburgh Steelers,New York Jets,A,0.4458701987741545,0.3057096155596978,0.7228575348854065,0.4937595652682651,Pittsburgh Steelers,0.012480869463469824
10,1,07/09/2025 17:00,Northwest Stadium,New York Giants,Washington Commanders,H,0.5572881289950924,0.7781619275231678,0.7602315545082092,0.7056241484688129,Washington Commanders,0.4112482969376259
11,1,07/09/2025 20:05,Empower Field at Mile High,Tennessee Titans,Denver Broncos,H,0.5275185206976942,0.6496876477416589,0.7577981948852539,0.6508756070891922,Denver Broncos,0.30175121417838446
12,1,07/09/2025 20:05,Lumen Field,San Francisco 49ers,Seattle Seahawks,A,0.4736526204684804,0.5108769638518077,0.8879278898239136,0.6316774670456531,Seattle Seahawks,0.26335493409130617
13,1,07/09/2025 20:25,Lambeau Field,Detroit Lions,Green Bay Packers,H,0.4983504445652469,0.5808495227776659,0.09263676404953003,0.3852253330140346,Detroit Lions,0.22954933397193078
14,1,07/09/2025 20:25,SoFi Stadium,Houston Texans,Los Angeles Rams,H,0.542210894618979,0.7175845036501487,0.7979690432548523,0.6931070008617474,Los Angeles Rams,0.38621400172349474
15,1,08/09/2025 00:20,Highmark Stadium,Baltimore Ravens,Buffalo Bills,H,0.5548889665442551,0.7988489270475726,0.821761429309845,0.733680305747676,Buffalo Bills,0.4673606114953519
16,1,09/09/2025 00:15,Soldier Field,Minnesota Vikings,Chicago Bears,A,0.4720506230938799,0.4392924450526099,0.1102980375289917,0.33397185434160837,Minnesota Vikings,0.33205629131678327
17,2,12/09/2025 00:15,Lambeau Field,Washington Commanders,Green Bay Packers,H,0.4983504445652469,0.5808495227776659,0.09263676404953003,0.3852253330140346,Washington Commanders,0.22954933397193078
18,2,14/09/2025 17:00,M&T Bank Stadium,Cleveland Browns,Baltimore Ravens,H,0.4983504445652469,0.5397865705372892,0.29453402757644653,0.4415173441994977,Cleveland Browns,0.11696531160100465
19,2,14/09/2025 17:00,Paycor Stadium,Jacksonville Jaguars,Cincinnati Bengals,H,0.49996406249253655,0.5881228926833232,0.27510079741477966,0.45211750730186473,Jacksonville Jaguars,0.09576498539627054
20,2,14/09/2025 17:00,AT&T Stadium,New York Giants,Dallas Cowboys,H,0.5279019711223908,0.6487302887724989,0.7577981948852539,0.6506555665773952,Dallas Cowboys,0.3013111331547904
21,2,14/09/2025 17:00,Ford Field,Chicago Bears,Detroit Lions,H,0.5279257144552656,0.6890831739852572,0.3634587526321411,0.5267673826922046,Detroit Lions,0.053534765384409155
22,2,14/09/2025 17:00,Hard Rock Stadium,New England Patriots,Miami Dolphins,A,0.4728938160734128,0.4006114759425952,0.6187242865562439,0.49863565573615304,New England Patriots,0.0027286885276939232
23,2,14/09/2025 17:00,Caesars Superdome,San Francisco 49ers,New Orleans Saints,A,0.40453574545384735,0.18555822077537423,0.48030468821525574,0.35441274625322305,San Francisco 49ers,0.2911745074935539
24,2,14/09/2025 17:00,MetLife Stadium,Buffalo Bills,New York Jets,A,0.41924957764811555,0.22423610063660315,0.48030468821525574,0.37236415386293364,Buffalo Bills,0.2552716922741327
25,2,14/09/2025 17:00,Acrisure Stadium,Seattle Seahawks,Pittsburgh Steelers,A,0.4844437020985831,0.5288760803744322,0.48120641708374023,0.4988619757992386,Seattle Seahawks,0.0022760484015228455
26,2,14/09/2025 17:00,Nissan Stadium,Los Angeles Rams,Tennessee Titans,A,0.45860622165725823,0.3490945028825866,0.832901656627655,0.5512805312664587,Tennessee Titans,0.10256106253291741
27,2,14/09/2025 20:05,State Farm Stadium,Carolina Panthers,Arizona Cardinals,H,0.5123209638870486,0.613549085756505,0.2513778507709503,0.45642071397049166,Carolina Panthers,0.08715857205901667
28,2,14/09/2025 20:05,Lucas Oil Stadium,Denver Broncos,Indianapolis Colts,H,0.5548776963831745,0.7996254308089722,0.5618110299110413,0.6429660701669571,Indianapolis Colts,0.2859321403339141
29,2,14/09/2025 20:25,GEHA Field at Arrowhead Stadium,Philadelphia Eagles,Kansas City Chiefs,A,0.4446845545857273,0.338059243484298,0.31629669666290283,0.3624299424470062,Philadelphia Eagles,0.27514011510598757
30,2,15/09/2025 00:20,U.S. Bank Stadium,Atlanta Falcons,Minnesota Vikings,A,0.5287742219026033,0.6919375229869646,0.7471956014633179,0.6623288482074509,Minnesota Vikings,0.3246576964149017
31,2,15/09/2025 23:00,NRG Stadium,Tampa Bay Buccaneers,Houston Texans,A,0.418080276232248,0.21975448364810996,0.48030468821525574,0.3704447974922008,Tampa Bay Buccaneers,0.25911040501559846
32,2,16/09/2025 02:00,Allegiant Stadium,Los Angeles Chargers,Las Vegas Raiders,A,0.44350515598244084,0.3328262319530903,0.31629669666290283,0.3602445688300976,Los Angeles Chargers,0.2795108623398048
33,3,19/09/2025 00:15,Highmark Stadium,Miami Dolphins,Buffalo Bills,H,0.5815329094805,0.8582168947505893,0.8318178057670593,0.7659720210055592,Buffalo Bills,0.5319440420111183
34,3,21/09/2025 17:00,Bank of America Stadium,Atlanta Falcons,Carolina Panthers,H,0.5016550094515791,0.5550115849893795,0.6387609839439392,0.5683168960016708,Carolina Panthers,0.13663379200334158
35,3,21/09/2025 17:00,Huntington Bank Field,Green Bay Packers,Cleveland Browns,H,0.47453885108273175,0.45010279636566014,0.5662726163864136,0.4980930468078131,Green Bay Packers,0.003813906384373844
36,3,21/09/2025 17:00,EverBank Stadium,Houston Texans,Jacksonville Jaguars,H,0.5552817964240792,0.7717887497740696,0.7728429436683655,0.7072056286518438,Jacksonville Jaguars,0.41441125730368755
37,3,21/09/2025 17:00,U.S. Bank Stadium,Cincinnati Bengals,Minnesota Vikings,H,0.5008749799687557,0.5928418290459055,0.8106516003608704,0.6414851972632305,Minnesota Vikings,0.282970394526461
38,3,21/09/2025 17:00,Gillette Stadium,Pittsburgh Steelers,New England Patriots,A,0.4720156383611049,0.43787037708080967,0.6166688203811646,0.5106934046595579,New England Patriots,0.02138680931911585
39,3,21/09/2025 17:00,Lincoln Financial Field,Los Angeles Rams,Philadelphia Eagles,H,0.5414810291545712,0.7643477196662954,0.8507718443870544,0.7277361531848116,Philadelphia Eagles,0.4554723063696231
40,3,21/09/2025 17:00,Raymond James Stadium,New York Jets,Tampa Bay Buccaneers,H,0.5807620867917361,0.8567243552606523,0.8318178057670593,0.7652183853774521,Tampa Bay Buccaneers,0.5304367707549043
41,3,21/09/2025 17:00,Nissan Stadium,Indianapolis Colts,Tennessee Titans,A,0.4180985180018914,0.2206729886021642,0.48030468821525574,0.37077174675701274,Indianapolis Colts,0.2584565064859745
42,3,21/09/2025 17:00,Northwest Stadium,Las Vegas Raiders,Washington Commanders,H,0.5287505638922686,0.6918278894227899,0.7471956014633179,0.6622833790568894,Washington Commanders,0.3245667581137788
43,3,21/09/2025 20:05,SoFi Stadium,Denver Broncos,Los Angeles Chargers,H,0.5556777487371204,0.8024223327708413,0.5618110299110413,0.644185001559795,Los Angeles Chargers,0.28837000311958993
44,3,21/09/2025 20:05,Lumen Field,New Orleans Saints,Seattle Seahawks,H,0.5698193224551208,0.8239653884023486,0.8318178057670593,0.7504699176760612,Seattle Seahawks,0.5009398353521224
45,3,21/09/2025 20:25,Soldier Field,Dallas Cowboys,Chicago Bears,H,0.5016550094515791,0.5537550081511954,0.6548051834106445,0.5734925669018854,Chicago Bears,0.14698513380377087
46,3,21/09/2025 20:25,Levi's Stadium,Arizona Cardinals,San Francisco 49ers,H,0.5557125144415952,0.8150406203411253,0.5618110299110413,0.6486118319207369,San Francisco 49ers,0.2972236638414738
47,3,22/09/2025 00:20,MetLife Stadium,Kansas City Chiefs,New York Giants,A,0.47047221238364945,0.3892493173891569,0.6020223498344421,0.48808673830265775,Kansas City Chiefs,0.023826523394684496
48,3,23/09/2025 00:15,M&T Bank Stadium,Detroit Lions,Baltimore Ravens,A,0.4712494361077314,0.4349717916103645,0.1102980375289917,0.3322192695409779,Detroit Lions,0.3355614609180442
49,4,26/09/2025 00:15,State Farm Stadium,Seattle Seahawks,Arizona Cardinals,A,0.4704614289252862,0.45315202112565,0.49259689450263977,0.4721505446771389,Seattle Seahawks,0.05569891064572219
50,4,28/09/2025 13:30,Croke Park,Minnesota Vikings,Pittsburgh Steelers,H,0.4991841118668365,0.5852759115600239,0.09263676404953003,0.38702466927833673,Minnesota Vikings,0.22595066144332654
51,4,28/09/2025 17:00,Mercedes-Benz Stadium,Washington Commanders,Atlanta Falcons,H,0.4712494361077314,0.4349717916103645,0.1102980375289917,0.3322192695409779,Washington Commanders,0.3355614609180442
52,4,28/09/2025 17:00,Highmark Stadium,New Orleans Saints,Buffalo Bills,H,0.5811150295703333,0.8574043985628371,0.8318178057670593,0.765562283366796,Buffalo Bills,0.531124566733592
53,4,28/09/2025 17:00,Ford Field,Cleveland Browns,Detroit Lions,H,0.5271061505646365,0.6863433184266402,0.3634587526321411,0.5255625640794999,Detroit Lions,0.05112512815899972
54,4,28/09/2025 17:00,NRG Stadium,Tennessee Titans,Houston Texans,H,0.4991771326431921,0.5007552452575751,0.44761767983436584,0.48168366506525306,Tennessee Titans,0.03663266986949387
55,4,28/09/2025 17:00,Gillette Stadium,Carolina Panthers,New England Patriots,H,0.49832151517095147,0.5396391901285917,0.29453402757644653,0.44145708223816493,Carolina Panthers,0.11708583552367013
56,4,28/09/2025 17:00,MetLife Stadium,Los Angeles Chargers,New York Giants,H,0.4153279936936211,0.21106638681696896,0.48030468821525574,0.36657827883971333,Los Angeles Chargers,0.26684344232057333
57,4,28/09/2025 17:00,Raymond James Stadium,Philadelphia Eagles,Tampa Bay Buccaneers,A,0.49877656696296946,0.6236158406574565,0.7956970930099487,0.6463924849515537,Tampa Bay Buccaneers,0.2927849699031073
58,4,28/09/2025 20:05,SoFi Stadium,Indianapolis Colts,Los Angeles Rams,H,0.45893542593171155,0.41026816627757134,0.48120641708374023,0.44969672301527575,Indianapolis Colts,0.10060655396944851
59,4,28/09/2025 20:05,Levi's Stadium,Jacksonville Jaguars,San Francisco 49ers,A,0.5418580823372587,0.7800591718381354,0.9016950726509094,0.7511714072921111,San Francisco 49ers,0.5023428145842221
60,4,28/09/2025 20:25,GEHA Field at Arrowhead Stadium,Baltimore Ravens,Kansas City Chiefs,H,0.5008036894899498,0.5504517184826901,0.6486793160438538,0.569936965951043,Kansas City Chiefs,0.13987393190208608
61,4,28/09/2025 20:25,Allegiant Stadium,Chicago Bears,Las Vegas Raiders,A,0.499172493007616,0.542954123627512,0.29453402757644653,0.44287260231378645,Chicago Bears,0.11425479537242711
62,4,29/09/2025 00:20,AT&T Stadium,Green Bay Packers,Dallas Cowboys,D,0.4720688484850101,0.43685806243689757,0.7228575348854065,0.5475211165885416,Dallas Cowboys,0.09504223317708327
63,4,29/09/2025 23:15,Hard Rock Stadium,New York Jets,Miami Dolphins,H,0.49919634849399347,0.5014221205548438,0.44761767983436584,0.4819228361745375,New York Jets,0.03615432765092497
64,4,30/09/2025 00:15,Empower Field at Mile High,Cincinnati Bengals,Denver Broncos,H,0.4729229543703349,0.44263985429977903,0.5662726163864136,0.4949962480710356,Cincinnati Bengals,0.010007503857928812
65,5,03/10/2025 00:15,SoFi Stadium,San Francisco 49ers,Los Angeles Rams,A,0.44506921109047964,0.35891760044070586,0.48120641708374023,0.4275641605200033,San Francisco 49ers,0.14487167895999342
66,5,05/10/2025 13:30,Tottenham Hotspur Stadium,Minnesota Vikings,Cleveland Browns,,0.4728701827004016,0.4436840767723403,0.1102980375289917,0.33575479332547054,Minnesota Vikings,0.32849041334905893
67,5,05/10/2025 17:00,M&T Bank Stadium,Houston Texans,Baltimore Ravens,,0.5275138951009655,0.648512704283203,0.7577981948852539,0.650462989199714,Baltimore Ravens,0.30092597839942803
68,5,05/10/2025 17:00,Bank of America Stadium,Miami Dolphins,Carolina Panthers,,0.5287794312078447,0.655292059166593,0.7742533087730408,0.658974693240064,Carolina Panthers,0.31794938648012794
69,5,05/10/2025 17:00,Lucas Oil Stadium,Las Vegas Raiders,Indianapolis Colts,,0.555695086546328,0.8016751579959027,0.821761429309845,0.7349113225802133,Indianapolis Colts,0.4698226451604266
70,5,05/10/2025 17:00,Caesars Superdome,New York Giants,New Orleans Saints,,0.5020314586505653,0.5130784296711142,0.6548051834106445,0.5593686991935529,New Orleans Saints,0.11873739838710584
71,5,05/10/2025 17:00,MetLife Stadium,Dallas Cowboys,New York Jets,,0.47449704936664094,0.40780951577008656,0.6187242865562439,0.5016359396637434,New York Jets,0.0032718793274868485
72,5,05/10/2025 17:00,Lincoln Financial Field,Denver Broncos,Philadelphia Eagles,,0.5552919192323057,0.8010770758474702,0.5618110299110413,0.6435984127851707,Philadelphia Eagles,0.28719682557034143
73,5,05/10/2025 20:05,State Farm Stadium,Tennessee Titans,Arizona Cardinals,,0.5406076860227297,0.7114823572337107,0.7992528080940247,0.6909396166517585,Arizona Cardinals,0.38187923330351703
74,5,05/10/2025 20:05,Lumen Field,Tampa Bay Buccaneers,Seattle Seahawks,,0.48843050300183777,0.5678788969046382,0.7956970930099487,0.6237807354497278,Seattle Seahawks,0.24756147089945557
75,5,05/10/2025 20:25,Paycor Stadium,Detroit Lions,Cincinnati Bengals,,0.4991487565175117,0.5850545479549605,0.09263676404953003,0.3869365854117671,Detroit Lions,0.22612682917646576
76,5,05/10/2025 20:25,SoFi Stadium,Washington Commanders,Los Angeles Chargers,,0.5279257144552656,0.7246543925031061,0.8468295335769653,0.7083970765436758,Los Angeles Chargers,0.41679415308735157
77,5,06/10/2025 00:20,Highmark Stadium,New England Patriots,Buffalo Bills,,0.554912159153552,0.7989074634152667,0.8318178057670593,0.737227494940112,Buffalo Bills,0.47445498988022394
78,5,07/10/2025 00:15,EverBank Stadium,Kansas City Chiefs,Jacksonville Jaguars,,0.5271366250754753,0.6853657526856576,0.353039413690567,0.5215827972444373,Jacksonville Jaguars,0.04316559448887469
79,6,10/10/2025 00:15,MetLife Stadium,Philadelphia Eagles,New York Giants,,0.41570748125810814,0.21207765166310882,0.48030468821525574,0.3670460678052084,Philadelphia Eagles,0.26590786438958325
80,6,12/10/2025 13:30,Tottenham Hotspur Stadium,Denver Broncos,New York Jets,,0.47284662423299767,0.4016216835583922,0.6020223498344421,0.49312939001669454,Denver Broncos,0.01374121996661093
81,6,12/10/2025 17:00,M&T Bank Stadium,Los Angeles Rams,Baltimore Ravens,,0.4852344062590958,0.48896849312969554,0.5653923153877258,0.5145965959181295,Baltimore Ravens,0.029193191836258903
82,6,12/10/2025 17:00,Bank of America Stadium,Dallas Cowboys,Carolina Panthers,,0.5024825028444958,0.5581809976316393,0.6548051834106445,0.5752899112379158,Carolina Panthers,0.15057982247583168
83,6,12/10/2025 17:00,Lucas Oil Stadium,Arizona Cardinals,Indianapolis Colts,,0.5418505471402103,0.7649231327430295,0.5618110299110413,0.6269121210709878,Indianapolis Colts,0.25382424214197563
84,6,12/10/2025 17:00,EverBank Stadium,Seattle Seahawks,Jacksonville Jaguars,,0.4844205700482516,0.5287510809605701,0.48120641708374023,0.4988112863892874,Seattle Seahawks,0.002377427221425199
85,6,12/10/2025 17:00,Hard Rock Stadium,Los Angeles Chargers,Miami Dolphins,,0.41688512018718327,0.21690482741444414,0.48030468821525574,0.3690888709968983,Los Angeles Chargers,0.2618222580062034
86,6,12/10/2025 17:00,Acrisure Stadium,Cleveland Browns,Pittsburgh Steelers,,0.5263162591970755,0.6826368323219826,0.353039413690567,0.5203815653536311,Pittsburgh Steelers,0.04076313070726223
90,6,12/10/2025 17:00,Caesars Superdome,New England Patriots,New Orleans Saints,,0.473321809446933,0.40284660569921327,0.6187242865562439,0.4995463491630254,New England Patriots,0.0009073016739491457
88,6,12/10/2025 20:05,Allegiant Stadium,Tennessee Titans,Las Vegas Raiders,,0.5266934451331007,0.6455963148858216,0.7577981948852539,0.6491961179202711,Las Vegas Raiders,0.2983922358405422
87,6,12/10/2025 20:25,Raymond James Stadium,San Francisco 49ers,Tampa Bay Buccaneers,,0.4852040767424687,0.5730297608048999,0.7956970930099487,0.6246156099370086,Tampa Bay Buccaneers,0.2492312198740172
89,6,12/10/2025 20:25,Lambeau Field,Cincinnati Bengals,Green Bay Packers,,0.49920168356383665,0.5840623438462957,0.27510079741477966,0.4504676015302951,Cincinnati Bengals,0.09906479693940984
91,6,13/10/2025 00:20,GEHA Field at Arrowhead Stadium,Detroit Lions,Kansas City Chiefs,,0.4720505423381971,0.4392560750984148,0.1102980375289917,0.33395910063093526,Detroit Lions,0.3320817987381295
92,6,13/10/2025 23:15,Mercedes-Benz Stadium,Buffalo Bills,Atlanta Falcons,,0.4451110334557449,0.33845317503786265,0.31629669666290283,0.36269576215175914,Buffalo Bills,0.2746084756964817
93,6,14/10/2025 00:15,Northwest Stadium,Chicago Bears,Washington Commanders,,0.5279257144552656,0.6890831739852572,0.3634587526321411,0.5267673826922046,Washington Commanders,0.053534765384409155
94,7,17/10/2025 00:15,Paycor Stadium,Pittsburgh Steelers,Cincinnati Bengals,,0.4999409079956681,0.5880358457498523,0.27510079741477966,0.4520800945260894,Pittsburgh Steelers,0.09583981094782124
95,7,19/10/2025 13:30,Wembley Stadium,Los Angeles Rams,Jacksonville Jaguars,,0.5131940548003405,0.6368684422785147,0.5916494131088257,0.5839394658256712,Jacksonville Jaguars,0.1678789316513425
96,7,19/10/2025 17:00,Soldier Field,New Orleans Saints,Chicago Bears,,0.5275266734011655,0.649716530588172,0.7577981948852539,0.6508881618965132,Chicago Bears,0.30177632379302644
97,7,19/10/2025 17:00,Huntington Bank Field,Miami Dolphins,Cleveland Browns,,0.5287739951975251,0.655265366458307,0.7742533087730408,0.6589637199890681,Cleveland Browns,0.3179274399781362
98,7,19/10/2025 17:00,GEHA Field at Arrowhead Stadium,Las Vegas Raiders,Kansas City Chiefs,,0.5008036894899498,0.5504517184826901,0.6486793160438538,0.569936965951043,Kansas City Chiefs,0.13987393190208608
99,7,19/10/2025 17:00,U.S. Bank Stadium,Philadelphia Eagles,Minnesota Vikings,,0.47248738849988864,0.4836913286725921,0.7360913753509521,0.5686701689186715,Minnesota Vikings,0.137340337837343
100,7,19/10/2025 17:00,MetLife Stadium,Carolina Panthers,New York Jets,,0.4720216318925042,0.39853935163487564,0.6020223498344421,0.49180307614131574,Carolina Panthers,0.016393847717368515
101,7,19/10/2025 17:00,Nissan Stadium,New England Patriots,Tennessee Titans,,0.473329963654571,0.40288922731355425,0.6187242865562439,0.4995637129903362,New England Patriots,0.0008725740193276099
102,7,19/10/2025 20:05,Empower Field at Mile High,New York Giants,Denver Broncos,,0.5295515220501644,0.6568572454752671,0.7742533087730408,0.6597541357007959,Denver Broncos,0.31950827140159177
103,7,19/10/2025 20:05,SoFi Stadium,Indianapolis Colts,Los Angeles Chargers,,0.5008099514726037,0.6333004337161564,0.938216507434845,0.7002739237853283,Los Angeles Chargers,0.40054784757065653
104,7,19/10/2025 20:25,State Farm Stadium,Green Bay Packers,Arizona Cardinals,,0.48684875594096927,0.5167092629612452,0.2842860519886017,0.4264029885048533,Green Bay Packers,0.14719402299029338
105,7,19/10/2025 20:25,AT&T Stadium,Washington Commanders,Dallas Cowboys,,0.4704247436496642,0.4305706747796554,0.19850264489650726,0.36130308572661424,Washington Commanders,0.2773938285467715
106,7,20/10/2025 00:20,Levi's Stadium,Atlanta Falcons,San Francisco 49ers,,0.5694709949246457,0.8455394512128863,0.821761429309845,0.754396597719653,San Francisco 49ers,0.5087931954393059
107,7,20/10/2025 23:00,Ford Field,Tampa Bay Buccaneers,Detroit Lions,,0.4736836106414575,0.4883057832210712,0.7360913753509521,0.5706440946531098,Detroit Lions,0.14128818930621967
108,7,21/10/2025 02:00,Lumen Field,Houston Texans,Seattle Seahawks,,0.5706179450482006,0.8257917526177087,0.8318178057670593,0.7513487319293612,Seattle Seahawks,0.5026974638587225
109,8,24/10/2025 00:15,SoFi Stadium,Minnesota Vikings,Los Angeles Chargers,,0.5279020518789315,0.7245808850491194,0.8468295335769653,0.7083642501618801,Los Angeles Chargers,0.4167285003237602
110,8,26/10/2025 17:00,Mercedes-Benz Stadium,Miami Dolphins,Atlanta Falcons,,0.5271295905108805,0.6471479459455041,0.7577981948852539,0.6498700324044939,Atlanta Falcons,0.29974006480898785
111,8,26/10/2025 17:00,M&T Bank Stadium,Chicago Bears,Baltimore Ravens,,0.499172493007616,0.542954123627512,0.29453402757644653,0.44287260231378645,Chicago Bears,0.11425479537242711
112,8,26/10/2025 17:00,Bank of America Stadium,Buffalo Bills,Carolina Panthers,,0.446746692410912,0.34652765834087235,0.31629669666290283,0.36601252899436265,Buffalo Bills,0.2679749420112747
113,8,26/10/2025 17:00,Paycor Stadium,New York Jets,Cincinnati Bengals,,0.5540714010409629,0.7683836022796217,0.7728429436683655,0.7056507084138521,Cincinnati Bengals,0.41130141682770427
114,8,26/10/2025 17:00,NRG Stadium,San Francisco 49ers,Houston Texans,,0.4037509981446663,0.1829054773790604,0.48030468821525574,0.3532488618717589,San Francisco 49ers,0.2935022762564822
115,8,26/10/2025 17:00,Gillette Stadium,Cleveland Browns,New England Patriots,,0.498326969186073,0.5396602177535786,0.29453402757644653,0.44146607811144684,Cleveland Browns,0.11706784377710633
116,8,26/10/2025 17:00,Lincoln Financial Field,New York Giants,Philadelphia Eagles,,0.5842925187418919,0.8643840421526073,0.8318178057670593,0.7689584053746831,Philadelphia Eagles,0.5379168107493661
117,8,26/10/2025 20:05,Caesars Superdome,Tampa Bay Buccaneers,New Orleans Saints,,0.41887330881737894,0.2227959379345841,0.48030468821525574,0.371747216268006,Tampa Bay Buccaneers,0.256505567463988
118,8,26/10/2025 20:25,Empower Field at Mile High,Dallas Cowboys,Denver Broncos,,0.5016550094515791,0.5537550081511954,0.6548051834106445,0.5734925669018854,Denver Broncos,0.14698513380377087
119,8,26/10/2025 20:25,Lucas Oil Stadium,Tennessee Titans,Indianapolis Colts,,0.5819014819981086,0.859537231406196,0.8318178057670593,0.7665447105903042,Indianapolis Colts,0.5330894211806083
120,8,27/10/2025 00:20,Acrisure Stadium,Green Bay Packers,Pittsburgh Steelers,,0.5008574082787053,0.5915648423929897,0.5502805709838867,0.5499031112050539,Pittsburgh Steelers,0.09980622241010773
121,8,28/10/2025 00:15,GEHA Field at Arrowhead Stadium,Washington Commanders,Kansas City Chiefs,,0.4720505423381971,0.4392560750984148,0.1102980375289917,0.33395910063093526,Washington Commanders,0.3320817987381295
122,9,31/10/2025 00:15,Hard Rock Stadium,Baltimore Ravens,Miami Dolphins,,0.4728704094891194,0.40052399728157373,0.6020223498344421,0.49275233539664465,Baltimore Ravens,0.014495329206710705
123,9,02/11/2025 18:00,Paycor Stadium,Chicago Bears,Cincinnati Bengals,,0.5270770456296652,0.6851180922521349,0.353039413690567,0.5214782422589613,Cincinnati Bengals,0.042956484517922666
124,9,02/11/2025 18:00,Ford Field,Minnesota Vikings,Detroit Lions,,0.4999762634430146,0.5894355929018599,0.298292875289917,0.4606978414099101,Minnesota Vikings,0.0786043171801798
125,9,02/11/2025 18:00,Lambeau Field,Carolina Panthers,Green Bay Packers,,0.52545570898072,0.678580290187484,0.353039413690567,0.5187036105416499,Green Bay Packers,0.03740722108329986
126,9,02/11/2025 18:00,NRG Stadium,Denver Broncos,Houston Texans,,0.4716611787730422,0.39544623983889904,0.6020223498344421,0.49061235107688533,Denver Broncos,0.018775297846229333
127,9,02/11/2025 18:00,Gillette Stadium,Atlanta Falcons,New England Patriots,,0.49997652436167783,0.5460131121143953,0.3178246021270752,0.45233615282266965,Atlanta Falcons,0.09532769435466071
128,9,02/11/2025 18:00,MetLife Stadium,San Francisco 49ers,New York Giants,,0.4025798582125608,0.17899843846609495,0.48030468821525574,0.3515300562725893,San Francisco 49ers,0.29693988745482136
129,9,02/11/2025 18:00,Acrisure Stadium,Indianapolis Colts,Pittsburgh Steelers,,0.4720920299361288,0.4809024344625661,0.48120641708374023,0.4783656980813491,Indianapolis Colts,0.0432686038373018
130,9,02/11/2025 18:00,Nissan Stadium,Los Angeles Chargers,Tennessee Titans,,0.4173105077646511,0.21851887277657403,0.48030468821525574,0.3697814031468841,Los Angeles Chargers,0.26043719370623175
131,9,02/11/2025 21:05,SoFi Stadium,New Orleans Saints,Los Angeles Rams,,0.5414018997661142,0.7150152113645318,0.7979690432548523,0.691965050105922,Los Angeles Rams,0.38393010021184404
132,9,02/11/2025 21:05,Allegiant Stadium,Jacksonville Jaguars,Las Vegas Raiders,,0.4720621226702182,0.4380840282215176,0.5662726163864136,0.49314345943360915,Jacksonville Jaguars,0.01371308113278169
133,9,02/11/2025 21:25,Highmark Stadium,Kansas City Chiefs,Buffalo Bills,,0.5540948223422308,0.796837239703521,0.5618110299110413,0.641755341067766,Buffalo Bills,0.283510682135532
134,9,03/11/2025 01:20,Northwest Stadium,Seattle Seahawks,Washington Commanders,,0.48523512594909257,0.5331502248194319,0.5782561898231506,0.5345627739689349,Washington Commanders,0.06912554793786985
135,9,04/11/2025 01:15,AT&T Stadium,Arizona Cardinals,Dallas Cowboys,,0.4851983442112483,0.4875576151573591,0.6020223498344421,0.5269124820698082,Dallas Cowboys,0.05382496413961646
136,10,07/11/2025 01:15,Empower Field at Mile High,Las Vegas Raiders,Denver Broncos,,0.500827506992384,0.5505794090725995,0.6387609839439392,0.5665173836930393,Denver Broncos,0.13303476738607856
137,10,09/11/2025 14:30,Olympic Stadium,Atlanta Falcons,Indianapolis Colts,,0.555695086546328,0.8016751579959027,0.821761429309845,0.7349113225802133,Indianapolis Colts,0.4698226451604266
138,10,09/11/2025 18:00,Bank of America Stadium,New Orleans Saints,Carolina Panthers,,0.5283515971644566,0.6537858061945147,0.7577981948852539,0.6525598854877204,Carolina Panthers,0.30511977097544074
139,10,09/11/2025 18:00,Soldier Field,New York Giants,Chicago Bears,,0.5295515220501644,0.6568572454752671,0.7742533087730408,0.6597541357007959,Chicago Bears,0.31950827140159177
140,10,09/11/2025 18:00,NRG Stadium,Jacksonville Jaguars,Houston Texans,,0.4447182035759208,0.3003444008356283,0.7228575348854065,0.4915361415553706,Jacksonville Jaguars,0.01692771688925876
141,10,09/11/2025 18:00,Hard Rock Stadium,Buffalo Bills,Miami Dolphins,,0.4184670905195,0.22122178119568667,0.48030468821525574,0.3710743959200282,Buffalo Bills,0.25785120815994356
142,10,09/11/2025 18:00,U.S. Bank Stadium,Baltimore Ravens,Minnesota Vikings,,0.5287742219026033,0.6919375229869646,0.7471956014633179,0.6623288482074509,Minnesota Vikings,0.3246576964149017
143,10,09/11/2025 18:00,MetLife Stadium,Cleveland Browns,New York Jets,,0.47202706889464224,0.3985596411659891,0.6020223498344421,0.4918118085778469,Cleveland Browns,0.016376382844306203
144,10,09/11/2025 18:00,Raymond James Stadium,New England Patriots,Tampa Bay Buccaneers,,0.5549239915368231,0.798949148377731,0.8318178057670593,0.7372456343919558,Tampa Bay Buccaneers,0.47449126878391157
145,10,09/11/2025 21:05,Lumen Field,Arizona Cardinals,Seattle Seahawks,,0.5295385710747138,0.7133544727231541,0.5618110299110413,0.6051694972443825,Seattle Seahawks,0.21033899448876503
146,10,09/11/2025 21:25,Levi's Stadium,Los Angeles Rams,San Francisco 49ers,,0.5549307889095204,0.8131819332610964,0.8507718443870544,0.7488630558694767,San Francisco 49ers,0.4977261117389533
147,10,09/11/2025 21:25,Northwest Stadium,Detroit Lions,Washington Commanders,,0.5,0.5895247364061825,0.7340466380119324,0.6132499721056435,Washington Commanders,0.22649994421128694
148,10,10/11/2025 01:20,SoFi Stadium,Pittsburgh Steelers,Los Angeles Chargers,,0.5287153251999787,0.7271005429874672,0.8995463848114014,0.727941028250062,Los Angeles Chargers,0.45588205650012403
149,10,11/11/2025 01:15,Lambeau Field,Philadelphia Eagles,Green Bay Packers,,0.470819470262672,0.4746439236270931,0.48120641708374023,0.47579345138689655,Philadelphia Eagles,0.0484130972262069
150,11,14/11/2025 01:15,Gillette Stadium,New York Jets,New England Patriots,,0.5263048245099339,0.6441782186146627,0.7577981948852539,0.6485831980384155,New England Patriots,0.29716639607683093
151,11,16/11/2025 14:30,Santiago Bernabeu Stadium,Washington Commanders,Miami Dolphins,,0.44429364741713023,0.29944124191627725,0.19850264489650726,0.3075684553546717,Washington Commanders,0.3848630892906566
152,11,16/11/2025 18:00,Mercedes-Benz Stadium,Carolina Panthers,Atlanta Falcons,,0.49834499054842096,0.5397655437617517,0.29453402757644653,0.4415083486230118,Carolina Panthers,0.11698330275397639
153,11,16/11/2025 18:00,Highmark Stadium,Tampa Bay Buccaneers,Buffalo Bills,,0.499988023127986,0.6280011970461465,0.7956970930099487,0.6482907965371002,Buffalo Bills,0.2965815930742004
154,11,16/11/2025 18:00,EverBank Stadium,Los Angeles Chargers,Jacksonville Jaguars,,0.471261596734339,0.4776401992889905,0.48120641708374023,0.4769747858100607,Los Angeles Chargers,0.046050428379878605
155,11,16/11/2025 18:00,U.S. Bank Stadium,Chicago Bears,Minnesota Vikings,,0.5279493769061201,0.6891933453219938,0.3634587526321411,0.5268130413953187,Minnesota Vikings,0.05362608279063741
156,11,16/11/2025 18:00,MetLife Stadium,Green Bay Packers,New York Giants,,0.4443403871183411,0.297532829239911,0.7228575348854065,0.4904387465595957,Green Bay Packers,0.019122506880808632
157,11,16/11/2025 18:00,Acrisure Stadium,Cincinnati Bengals,Pittsburgh Steelers,,0.500059092004332,0.5885680480485954,0.5609585046768188,0.5523520240354268,Pittsburgh Steelers,0.10470404807085365
158,11,16/11/2025 18:00,Nissan Stadium,Houston Texans,Tennessee Titans,,0.5008228673568079,0.5084040627428463,0.6548051834106445,0.5573700933805319,Tennessee Titans,0.11474018676106379
159,11,16/11/2025 21:05,State Farm Stadium,San Francisco 49ers,Arizona Cardinals,,0.4442874855584048,0.3549818302498882,0.49259689450263977,0.42993879486055786,San Francisco 49ers,0.14012241027888428
160,11,16/11/2025 21:05,SoFi Stadium,Seattle Seahawks,Los Angeles Rams,,0.4712501540442947,0.45740438048313414,0.48120641708374023,0.4698888164209977,Seattle Seahawks,0.06022236715800455
161,11,16/11/2025 21:25,Huntington Bank Field,Baltimore Ravens,Cleveland Browns,,0.5016495554347532,0.5549824005030684,0.6387609839439392,0.5683050452264141,Cleveland Browns,0.13661009045282824
162,11,16/11/2025 21:25,Empower Field at Mile High,Kansas City Chiefs,Denver Broncos,,0.5000238175657945,0.5474912571133135,0.38479337096214294,0.47630676360603197,Kansas City Chiefs,0.04738647278793606
163,11,17/11/2025 01:20,Lincoln Financial Field,Detroit Lions,Philadelphia Eagles,,0.5275362761263218,0.7229624446681391,0.8468295335769653,0.7076880633027541,Philadelphia Eagles,0.41537612660550827
164,11,18/11/2025 01:15,Allegiant Stadium,Dallas Cowboys,Las Vegas Raiders,,0.500827506992384,0.5493204794990099,0.6548051834106445,0.571692231135862,Las Vegas Raiders,0.14338446227172397
165,12,21/11/2025 01:15,NRG Stadium,Buffalo Bills,Houston Texans,,0.41809193165046266,0.219786355235465,0.48030468821525574,0.3704594491732394,Buffalo Bills,0.25908110165352116
166,12,23/11/2025 18:00,M&T Bank Stadium,New York Jets,Baltimore Ravens,,0.5263282351151408,0.6442947925296163,0.7577981948852539,0.6486310220902113,Baltimore Ravens,0.29726204418042257
167,12,23/11/2025 18:00,Soldier Field,Pittsburgh Steelers,Chicago Bears,,0.47286403604017724,0.4424136187180494,0.5662726163864136,0.49489939011838296,Pittsburgh Steelers,0.01020121976323407
168,12,23/11/2025 18:00,Paycor Stadium,New England Patriots,Cincinnati Bengals,,0.5279254543504991,0.687960171021291,0.7563173174858093,0.6638747483419382,Cincinnati Bengals,0.3277494966838763
169,12,23/11/2025 18:00,Ford Field,New York Giants,Detroit Lions,,0.5572881289950924,0.7781619275231678,0.7602315545082092,0.7056241484688129,Detroit Lions,0.4112482969376259
170,12,23/11/2025 18:00,Lambeau Field,Minnesota Vikings,Green Bay Packers,,0.49832670827033093,0.5807598350763242,0.09263676404953003,0.3851868214300902,Minnesota Vikings,0.2296263571398196
171,12,23/11/2025 18:00,GEHA Field at Arrowhead Stadium,Indianapolis Colts,Kansas City Chiefs,,0.4450987730863159,0.3395169646351631,0.31629669666290283,0.3630644103999856,Indianapolis Colts,0.2738711792000288
172,12,23/11/2025 18:00,Nissan Stadium,Seattle Seahawks,Tennessee Titans,,0.4301886955919085,0.2554623484170336,0.48030468821525574,0.38657507596922214,Seattle Seahawks,0.22684984806155573
173,12,23/11/2025 21:05,State Farm Stadium,Jacksonville Jaguars,Arizona Cardinals,,0.4860151158323616,0.5134754874180358,0.2842860519886017,0.4250210750321477,Jacksonville Jaguars,0.1499578499357046
174,12,23/11/2025 21:05,Allegiant Stadium,Cleveland Browns,Las Vegas Raiders,,0.4983504445652469,0.5397865705372892,0.29453402757644653,0.4415173441994977,Cleveland Browns,0.11696531160100465
175,12,23/11/2025 21:25,AT&T Stadium,Philadelphia Eagles,Dallas Cowboys,,0.44307390823509935,0.33019653013917705,0.48030468821525574,0.4165976033649296,Philadelphia Eagles,0.16680479327014075
176,12,23/11/2025 21:25,Caesars Superdome,Atlanta Falcons,New Orleans Saints,,0.4732984007001281,0.4027589669269378,0.6020223498344421,0.49366297213582466,Atlanta Falcons,0.012674055728350675
177,12,24/11/2025 01:20,SoFi Stadium,Tampa Bay Buccaneers,Los Angeles Rams,,0.45973423005010816,0.4132908632287915,0.48120641708374023,0.45099430818372177,Tampa Bay Buccaneers,0.09801138363255646
178,12,25/11/2025 01:15,Levi's Stadium,Carolina Panthers,San Francisco 49ers,,0.5678471884366083,0.8421551451505754,0.5618110299110413,0.6617423178025483,San Francisco 49ers,0.32348463560509666
179,13,27/11/2025 18:00,Ford Field,Green Bay Packers,Detroit Lions,,0.5016495554347532,0.5957050185627947,0.8106516003608704,0.6427196862339409,Detroit Lions,0.28543937246788187
180,13,27/11/2025 21:30,AT&T Stadium,Kansas City Chiefs,Dallas Cowboys,,0.4983688078570201,0.538593571075185,0.4036652445793152,0.4793012188954844,Kansas City Chiefs,0.041397562209031236
181,13,28/11/2025 01:20,M&T Bank Stadium,Cincinnati Bengals,Baltimore Ravens,,0.47209794812106853,0.43822132500804134,0.5662726163864136,0.49320226094414754,Cincinnati Bengals,0.013595478111704917
182,13,28/11/2025 20:00,Lincoln Financial Field,Chicago Bears,Philadelphia Eagles,,0.5552919192323057,0.8010770758474702,0.5618110299110413,0.6435984127851707,Philadelphia Eagles,0.28719682557034143
183,13,30/11/2025 18:00,Bank of America Stadium,Los Angeles Rams,Carolina Panthers,,0.4868881340416587,0.49793107540163933,0.5653923153877258,0.5182296180480787,Carolina Panthers,0.03645923609615731
184,13,30/11/2025 18:00,Huntington Bank Field,San Francisco 49ers,Cleveland Browns,,0.4321474579206426,0.2964356468800906,0.31629669666290283,0.3441005546360082,San Francisco 49ers,0.3117988907279836
185,13,30/11/2025 18:00,Lucas Oil Stadium,Houston Texans,Indianapolis Colts,,0.5827020548472504,0.8610719524953412,0.8318178057670593,0.7673220348262475,Indianapolis Colts,0.534644069652495
186,13,30/11/2025 18:00,Hard Rock Stadium,New Orleans Saints,Miami Dolphins,,0.4995707650318156,0.5028747539542386,0.44761767983436584,0.48254358282567233,New Orleans Saints,0.03491283434865533
187,13,30/11/2025 18:00,MetLife Stadium,Atlanta Falcons,New York Jets,,0.4736717648848591,0.40471181364922915,0.6020223498344421,0.49445847774404594,Atlanta Falcons,0.011083044511908113
188,13,30/11/2025 18:00,Raymond James Stadium,Arizona Cardinals,Tampa Bay Buccaneers,,0.541051950645951,0.761775923084488,0.5618110299110413,0.6255710187422205,Tampa Bay Buccaneers,0.2511420374844411
189,13,30/11/2025 18:00,Nissan Stadium,Jacksonville Jaguars,Tennessee Titans,,0.4455311598728443,0.3041040595823443,0.7228575348854065,0.4930959090057983,Jacksonville Jaguars,0.01380818198840339
190,13,30/11/2025 21:05,Lumen Field,Minnesota Vikings,Seattle Seahawks,,0.514741158159096,0.6641002459350152,0.8468295335769653,0.683247758355993,Seattle Seahawks,0.3664955167119861
191,13,30/11/2025 21:25,SoFi Stadium,Las Vegas Raiders,Los Angeles Chargers,,0.5564948440175592,0.8044504459353011,0.821761429309845,0.7361226006003722,Los Angeles Chargers,0.4722452012007443
192,13,30/11/2025 21:25,Acrisure Stadium,Buffalo Bills,Pittsburgh Steelers,,0.4729056609834004,0.4840648381514813,0.48120641708374023,0.47971662868665094,Buffalo Bills,0.04056674262669813
193,13,01/12/2025 01:20,Northwest Stadium,Denver Broncos,Washington Commanders,,0.5279257144552656,0.6890831739852572,0.3634587526321411,0.5267673826922046,Washington Commanders,0.053534765384409155
194,13,02/12/2025 01:15,Gillette Stadium,New York Giants,New England Patriots,,0.528703426801177,0.652689610770347,0.7577981948852539,0.6522817659802779,New England Patriots,0.30456353196055574
195,14,05/12/2025 01:15,Ford Field,Dallas Cowboys,Detroit Lions,,0.5295752563503359,0.6945591150683458,0.7602315545082092,0.6680493023161983,Detroit Lions,0.3360986046323966
196,14,07/12/2025 18:00,Mercedes-Benz Stadium,Seattle Seahawks,Atlanta Falcons,,0.45655832575118754,0.37970517797213715,0.31629669666290283,0.38056815086738804,Seattle Seahawks,0.2388636982652239
197,14,07/12/2025 18:00,M&T Bank Stadium,Pittsburgh Steelers,Baltimore Ravens,,0.47203904052353346,0.43799557307239073,0.5662726163864136,0.4931055754874093,Pittsburgh Steelers,0.013788849025181404
198,14,07/12/2025 18:00,Huntington Bank Field,Tennessee Titans,Cleveland Browns,,0.5283380094149434,0.6537303313103411,0.7577981948852539,0.6525363929534057,Cleveland Browns,0.3050727859068114
199,14,07/12/2025 18:00,Lambeau Field,Chicago Bears,Green Bay Packers,,0.5262810015593367,0.6813748514768401,0.353039413690567,0.5199292947665096,Green Bay Packers,0.03985858953301924
200,14,07/12/2025 18:00,EverBank Stadium,Indianapolis Colts,Jacksonville Jaguars,,0.4720689476346905,0.4807772027233193,0.48120641708374023,0.47831494228218124,Indianapolis Colts,0.04337011543563751
201,14,07/12/2025 18:00,U.S. Bank Stadium,Washington Commanders,Minnesota Vikings,,0.5000237365569854,0.5896491775531947,0.7340466380119324,0.6133006474741933,Minnesota Vikings,0.22660129494838666
202,14,07/12/2025 18:00,MetLife Stadium,Miami Dolphins,New York Jets,,0.5008036515060065,0.5088921588860629,0.6645143628120422,0.5609333720856743,New York Jets,0.12186674417134857
203,14,07/12/2025 18:00,Raymond James Stadium,New Orleans Saints,Tampa Bay Buccaneers,,0.581126691182621,0.8574361214151062,0.8318178057670593,0.7655768848487764,Tampa Bay Buccaneers,0.5311537696975528
204,14,07/12/2025 21:05,Allegiant Stadium,Denver Broncos,Las Vegas Raiders,,0.499172493007616,0.542954123627512,0.29453402757644653,0.44287260231378645,Denver Broncos,0.11425479537242711
205,14,07/12/2025 21:25,State Farm Stadium,Los Angeles Rams,Arizona Cardinals,,0.4992085865146953,0.5643224498050216,0.4623309075832367,0.5090912555106473,Arizona Cardinals,0.018182511021294534
206,14,07/12/2025 21:25,Highmark Stadium,Cincinnati Bengals,Buffalo Bills,,0.5271532571250865,0.7202392062690922,0.8995463848114014,0.7250709399761631,Buffalo Bills,0.45014187995232624
207,14,08/12/2025 01:20,GEHA Field at Arrowhead Stadium,Houston Texans,Kansas City Chiefs,,0.5283150801075461,0.6524714851466344,0.7577981948852539,0.6520889180038892,Kansas City Chiefs,0.3041778360077785
208,14,09/12/2025 01:15,SoFi Stadium,Philadelphia Eagles,Los Angeles Chargers,,0.5003906398906585,0.6317879117824113,0.938216507434845,0.699618747633934,Los Angeles Chargers,0.3992374952678679
209,15,12/12/2025 01:15,Raymond James Stadium,Atlanta Falcons,Tampa Bay Buccaneers,,0.5549007990495392,0.7988906210896485,0.821761429309845,0.7336984484139877,Tampa Bay Buccaneers,0.46739689682797536
210,15,14/12/2025 18:00,Soldier Field,Cleveland Browns,Chicago Bears,,0.4991779470691605,0.5442370765016217,0.29453402757644653,0.4433232720381881,Cleveland Browns,0.11335345592362378
211,15,14/12/2025 18:00,Paycor Stadium,Baltimore Ravens,Cincinnati Bengals,,0.5279020518789315,0.6878819561904606,0.7431405186653137,0.6592284728225037,Cincinnati Bengals,0.3184569456450075
212,15,14/12/2025 18:00,NRG Stadium,Arizona Cardinals,Houston Texans,,0.45857498344497105,0.3478353322591722,0.6020223498344421,0.4700226748255596,Arizona Cardinals,0.05995465034888081
213,15,14/12/2025 18:00,EverBank Stadium,New York Jets,Jacksonville Jaguars,,0.55410691798804,0.7685221444029547,0.7728429436683655,0.7057098532411419,Jacksonville Jaguars,0.41141970648228376
214,15,14/12/2025 18:00,GEHA Field at Arrowhead Stadium,Los Angeles Chargers,Kansas City Chiefs,,0.4442987291607875,0.33670396119307205,0.31629669666290283,0.3618398460175952,Los Angeles Chargers,0.27632030796480955
215,15,14/12/2025 18:00,Gillette Stadium,Buffalo Bills,New England Patriots,,0.4450878408464481,0.33833930271971324,0.3630686402320862,0.37901912632659973,Buffalo Bills,0.24196174734680054
216,15,14/12/2025 18:00,MetLife Stadium,Washington Commanders,New York Giants,,0.4427118710049076,0.29221016258427884,0.19850264489650726,0.3045630446648055,Washington Commanders,0.390873910670389
217,15,14/12/2025 18:00,Lincoln Financial Field,Las Vegas Raiders,Philadelphia Eagles,,0.5561091572502176,0.8031156097365654,0.821761429309845,0.7355397019006121,Philadelphia Eagles,0.47107940380122426
218,15,14/12/2025 21:25,Empower Field at Mile High,Green Bay Packers,Denver Broncos,,0.4737189984406634,0.44569853176519036,0.5662726163864136,0.49630559840502814,Green Bay Packers,0.007388803189943727
219,15,14/12/2025 21:25,SoFi Stadium,Detroit Lions,Los Angeles Rams,,0.4859912419045283,0.5145980593989092,0.09263676404953003,0.35832956003325417,Detroit Lions,0.28334087993349166
220,15,14/12/2025 21:25,Caesars Superdome,Carolina Panthers,New Orleans Saints,,0.4716484028355434,0.39659644598531496,0.6020223498344421,0.4910110904468813,Carolina Panthers,0.017977819106237414
221,15,14/12/2025 21:25,Lumen Field,Indianapolis Colts,Seattle Seahawks,,0.4876268408719061,0.5648140070561936,0.7956970930099487,0.6224669253637927,Seattle Seahawks,0.24493385072758533
222,15,14/12/2025 21:25,Levi's Stadium,Tennessee Titans,San Francisco 49ers,,0.5954563751399312,0.8923228499668886,0.8318178057670593,0.7820861450290933,San Francisco 49ers,0.5641722900581867
223,15,15/12/2025 01:20,AT&T Stadium,Minnesota Vikings,Dallas Cowboys,,0.4704010902081648,0.4304803598544698,0.19850264489650726,0.36126437947034945,Minnesota Vikings,0.2774712410593011
224,15,16/12/2025 01:15,Acrisure Stadium,Miami Dolphins,Pittsburgh Steelers,,0.5549238956452847,0.7708220643183921,0.7728429436683655,0.7067599185087182,Pittsburgh Steelers,0.41351983701743644
225,16,19/12/2025 01:15,Lumen Field,Los Angeles Rams,Seattle Seahawks,,0.5287498459557054,0.7108364649482325,0.8503016829490662,0.705023290649605,Seattle Seahawks,0.41004658129921
228,16,21/12/2025 18:00,M&T Bank Stadium,New England Patriots,Baltimore Ravens,,0.5000234756383222,0.546229491205646,0.6645143628120422,0.5737673856372231,Baltimore Ravens,0.14753477127444614
229,16,21/12/2025 18:00,Bank of America Stadium,Tampa Bay Buccaneers,Carolina Panthers,,0.4467348514306602,0.3464855697126982,0.31629669666290283,0.36599424568042616,Tampa Bay Buccaneers,0.2680115086391477
230,16,21/12/2025 18:00,Huntington Bank Field,Buffalo Bills,Cleveland Browns,,0.4467413002099747,0.34650090021355323,0.31629669666290283,0.3660015459895198,Buffalo Bills,0.26799690802096043
231,16,21/12/2025 18:00,AT&T Stadium,Los Angeles Chargers,Dallas Cowboys,,0.44268836623770724,0.32885710932329826,0.48030468821525574,0.41601314348015445,Los Angeles Chargers,0.1679737130396911
232,16,21/12/2025 18:00,Caesars Superdome,New York Jets,New Orleans Saints,,0.4996255829455492,0.5037469981130516,0.44761767983436584,0.482865313655377,New York Jets,0.034269372689246014
233,16,21/12/2025 18:00,MetLife Stadium,Minnesota Vikings,New York Giants,,0.44268844618218434,0.29213398051689327,0.19850264489650726,0.3045293534944035,Minnesota Vikings,0.39094129301119296
234,16,21/12/2025 18:00,Nissan Stadium,Kansas City Chiefs,Tennessee Titans,,0.4725052247851387,0.3998049404312479,0.6020223498344421,0.4923911100878364,Kansas City Chiefs,0.015217779824327149
235,16,21/12/2025 21:05,State Farm Stadium,Atlanta Falcons,Arizona Cardinals,,0.513974833477887,0.6196210023192976,0.7719848155975342,0.6412544803537927,Arizona Cardinals,0.28250896070758547
236,16,21/12/2025 21:05,Empower Field at Mile High,Jacksonville Jaguars,Denver Broncos,,0.47288712239503305,0.4425022635900208,0.5662726163864136,0.4949373417300297,Jacksonville Jaguars,0.010125316539940643
237,16,21/12/2025 21:25,Ford Field,Pittsburgh Steelers,Detroit Lions,,0.5007921516375426,0.5924962873003612,0.8172010779380798,0.6436317143840204,Detroit Lions,0.2872634287680409
238,16,21/12/2025 21:25,NRG Stadium,Las Vegas Raiders,Houston Texans,,0.47248610489903453,0.3985205000706923,0.6020223498344421,0.49193581999581065,Las Vegas Raiders,0.016128360008378695
226,16,22/12/2025 00:00,Soldier Field,Green Bay Packers,Chicago Bears,,0.4737189984406634,0.44569853176519036,0.5662726163864136,0.49630559840502814,Green Bay Packers,0.007388803189943727
227,16,22/12/2025 00:00,Northwest Stadium,Philadelphia Eagles,Washington Commanders,,0.4724637238736782,0.48356289791183255,0.7360913753509521,0.5686181187645425,Washington Commanders,0.13723623752908498
239,16,22/12/2025 01:20,Hard Rock Stadium,Cincinnati Bengals,Miami Dolphins,,0.44513448408107603,0.3022198346627183,0.7228575348854065,0.49231742754639873,Cincinnati Bengals,0.015365144907202533
240,16,23/12/2025 01:15,Lucas Oil Stadium,San Francisco 49ers,Indianapolis Colts,,0.4860075334022455,0.5772868376314215,0.7956970930099487,0.6263466238242242,Indianapolis Colts,0.25269324764844847
241,17,25/12/2025 18:00,Northwest Stadium,Dallas Cowboys,Washington Commanders,,0.5295752563503359,0.6945591150683458,0.7602315545082092,0.6680493023161983,Washington Commanders,0.3360986046323966
242,17,25/12/2025 21:30,U.S. Bank Stadium,Detroit Lions,Minnesota Vikings,,0.5000237365569854,0.5896491775531947,0.7340466380119324,0.6133006474741933,Minnesota Vikings,0.22660129494838666
243,17,26/12/2025 01:15,GEHA Field at Arrowhead Stadium,Denver Broncos,Kansas City Chiefs,,0.49997618243420555,0.5472718307791372,0.29453402757644653,0.4446249066448321,Denver Broncos,0.11075018671033576
244,17,28/12/2025 18:00,Huntington Bank Field,Pittsburgh Steelers,Cleveland Browns,,0.47368374080292447,0.44681158858100434,0.5662726163864136,0.49668459099924134,Pittsburgh Steelers,0.006630818001517325
245,17,28/12/2025 18:00,Lucas Oil Stadium,Jacksonville Jaguars,Indianapolis Colts,,0.5279310523653096,0.7236765228585844,0.8995463848114014,0.7265073393545524,Indianapolis Colts,0.4530146787091047
246,17,28/12/2025 18:00,Hard Rock Stadium,Tampa Bay Buccaneers,Miami Dolphins,,0.41845543216357595,0.22118976046611785,0.48030468821525574,0.3710596911579019,Tampa Bay Buccaneers,0.25788061768419623
247,17,28/12/2025 18:00,MetLife Stadium,New England Patriots,New York Jets,,0.4736951754900661,0.404799589341915,0.6187242865562439,0.500341903250911,New York Jets,0.0006838065018219819
248,17,28/12/2025 18:00,Nissan Stadium,New Orleans Saints,Tennessee Titans,,0.5000081774810208,0.5052438304056412,0.6645143628120422,0.559417814910031,Tennessee Titans,0.1188356298200619
249,17,28/12/2025 21:25,Highmark Stadium,Philadelphia Eagles,Buffalo Bills,,0.49876459016336483,0.6235549314322909,0.7956970930099487,0.6463675736828643,Buffalo Bills,0.2927351473657287
250,17,29/12/2025 01:20,Levi's Stadium,Chicago Bears,San Francisco 49ers,,0.568659276197107,0.8438547703978975,0.5618110299110413,0.6625808129672607,San Francisco 49ers,0.32516162593452136
252,17,30/12/2025 00:00,Bank of America Stadium,Seattle Seahawks,Carolina Panthers,,0.458201314505817,0.38818632586448854,0.31629669666290283,0.38402944925609983,Seattle Seahawks,0.23194110148780034
253,17,30/12/2025 00:00,Paycor Stadium,Arizona Cardinals,Cincinnati Bengals,,0.5139489747021826,0.6395246055502551,0.353039413690567,0.5015821006350586,Cincinnati Bengals,0.003164201270117184
254,17,30/12/2025 00:00,Lambeau Field,Baltimore Ravens,Green Bay Packers,,0.5271061505646365,0.6841564246834324,0.7431405186653137,0.6576857664007554,Green Bay Packers,0.31537153280151076
255,17,30/12/2025 00:00,SoFi Stadium,Houston Texans,Los Angeles Chargers,,0.5834896362232388,0.8631579406454382,0.8318178057670593,0.768288405091578,Los Angeles Chargers,0.5365768101831561
256,17,30/12/2025 00:00,Allegiant Stadium,New York Giants,Las Vegas Raiders,,0.5287268250113676,0.6528048991169291,0.7577981948852539,0.6523291363646387,Las Vegas Raiders,0.3046582727292775
251,17,30/12/2025 01:15,Mercedes-Benz Stadium,Los Angeles Rams,Atlanta Falcons,,0.4852344062590958,0.48896849312969554,0.5653923153877258,0.5145965959181295,Atlanta Falcons,0.029193191836258903
257,18,05/01/2026 00:00,Mercedes-Benz Stadium,New Orleans Saints,Atlanta Falcons,,0.5267015992998719,0.6456253510623958,0.7577981948852539,0.6492087268321034,Atlanta Falcons,0.2984174536642068
258,18,05/01/2026 00:00,Highmark Stadium,New York Jets,Buffalo Bills,,0.5807504223518846,0.8566925004992934,0.8318178057670593,0.765203736879021,Buffalo Bills,0.530407473758042
259,18,05/01/2026 00:00,Soldier Field,Detroit Lions,Chicago Bears,,0.47207428554473446,0.43938318242763297,0.1102980375289917,0.33401071115812286,Detroit Lions,0.3319785776837543
260,18,05/01/2026 00:00,Paycor Stadium,Cleveland Browns,Cincinnati Bengals,,0.5262573305217945,0.6823594021272441,0.353039413690567,0.5202667861828884,Cincinnati Bengals,0.040533572365776704
261,18,05/01/2026 00:00,Empower Field at Mile High,Los Angeles Chargers,Denver Broncos,,0.44432225126287966,0.336819218071511,0.31629669666290283,0.3618872425556765,Los Angeles Chargers,0.276225514888647
262,18,05/01/2026 00:00,NRG Stadium,Indianapolis Colts,Houston Texans,,0.41729794515274965,0.217622231905917,0.48030468821525574,0.3694638100585837,Indianapolis Colts,0.2610723798828326
263,18,05/01/2026 00:00,EverBank Stadium,Tennessee Titans,Jacksonville Jaguars,,0.5544688401271557,0.7695317141771693,0.7728429436683655,0.7061717793038517,Jacksonville Jaguars,0.41234355860770333
264,18,05/01/2026 00:00,SoFi Stadium,Arizona Cardinals,Los Angeles Rams,,0.5007914134853046,0.5715437050200115,0.2511014938354492,0.43816324215488656,Arizona Cardinals,0.12367351569022689
265,18,05/01/2026 00:00,Allegiant Stadium,Kansas City Chiefs,Las Vegas Raiders,,0.49919631051005026,0.5430458474281453,0.29453402757644653,0.44291185089473833,Kansas City Chiefs,0.11417629821052333
266,18,05/01/2026 00:00,U.S. Bank Stadium,Green Bay Packers,Minnesota Vikings,,0.5016732917296691,0.5958288706161763,0.8106516003608704,0.6427701553410993,Minnesota Vikings,0.28554031068219854
267,18,05/01/2026 00:00,Gillette Stadium,Miami Dolphins,New England Patriots,,0.5271061839265871,0.6470317948274399,0.7577981948852539,0.6498223575378834,New England Patriots,0.29964471507576684
268,18,05/01/2026 00:00,MetLife Stadium,Dallas Cowboys,New York Giants,,0.4720980288776092,0.3952841214831343,0.6187242865562439,0.49653234551660064,Dallas Cowboys,0.0069353089667987255
269,18,05/01/2026 00:00,Lincoln Financial Field,Washington Commanders,Philadelphia Eagles,,0.5275362761263218,0.7229624446681391,0.8468295335769653,0.7076880633027541,Philadelphia Eagles,0.41537612660550827
270,18,05/01/2026 00:00,Acrisure Stadium,Baltimore Ravens,Pittsburgh Steelers,,0.5279609594764665,0.6881567672875938,0.7431405186653137,0.6593423289857608,Pittsburgh Steelers,0.3186846579715217
271,18,05/01/2026 00:00,Levi's Stadium,Seattle Seahawks,San Francisco 49ers,,0.5263473795315197,0.7357807706558993,0.9394161105155945,0.7442231252497109,San Francisco 49ers,0.4884462504994218
272,18,05/01/2026 00:00,Raymond James Stadium,Carolina Panthers,Tampa Bay Buccaneers,,0.5532651485693398,0.7947323464799055,0.5618110299110413,0.6407697263076333,Tampa Bay Buccaneers,0.2815394526152666
